"","Comp1","Comp2"
"bio6",-21.0926027049336,32.3970677750082
"bio18",-30.6491242706092,-25.8962478722428
"bio17",-42.0427321889876,-10.8751610640283
"ai_et0",-41.0346400488002,-7.68479832751543
"bio4",25.0531447505504,-7.72311057478418
"bio19",-30.2226809982792,16.8732850556305
"bio14",-41.183967067614,-11.9559304039154
"bio2",26.2485604181864,-25.5965192631356
